Title,FirstName,LastName,StreetAddress,City,State,ZipCode,EmailAddress,Position,Company
Mr.,Eugene,Thrush,94 Grant Street,Jackson,TX,75657,EugeneKThrush@superrito.com,Milling and planing machine operator,Megatronic
Mr.,Leo,Register,923 Murry Street,Virginia Beach,VA,23464,LeoSRegister@jourrapide.com,Professional sports scout,Fireball
Ms.,Vanessa,Brown,3958 Paul Wayne Haggerty Road,Kenner,LA,70065,VanessaWBrown@armyspy.com,Administrative office manager,Jackpot Consultant
Ms.,Adele,Dean,3305 Quarry Drive,Dothan,AL,36303,AdeleJDean@fleckens.hu,Cutting machine operator,Good Guys
Ms.,Camille,Gill,416 Delaware Avenue,San Francisco,CA,94103,CamilleRGill@dayrep.com,Substance abuse social worker,Red Owl
Ms.,Kristina,Simpson,4877 Goldcliff Circle,Washington,DC,20005,KristinaWSimpson@gustr.com,Vending machine technician,Sagebrush
Mrs.,Krystal,Seymour,2082 Lynn Ogden Lane,Beaumont,TX,77701,KrystalBSeymour@teleworm.us,Publications specialist,Libera
Mrs.,Virginia,Faust,832 Lucy Lane,Evansville,IN,47711,VirginiaRFaust@superrito.com,Employment recruiter,Total Yard Maintenance
Mr.,Robert,Dupree,4101 Pickens Way,Longview,TX,75601,RobertODupree@einrot.com,Mapping technician,Irving's Sporting Goods
Mr.,Walter,Mueller,1372 Nixon Avenue,Maumee,OH,43537,WalterXMueller@armyspy.com,Measurer,Frame Scene
Mr.,Don,Vela,4859 Isaacs Creek Road,Golden,IL,62339,DonRVela@jourrapide.com,Patternmaker,Buehler Foods
Mrs.,Wanda,Collins,566 Hannah Street,Asheville,NC,28801,WandaMCollins@dayrep.com,Purchasing technician,Oranges Records & Tapes
Mr.,Willie,Matias,4009 Owagner Lane,Seattle,WA,98101,WillieKMatias@einrot.com,Combined food preparation and serving worker,Music Plus
Mr.,Peter,Mitchell,2762 Marcus Street,Gadsden,AL,35901,PeterLMitchell@gustr.com,Real estate appraiser,National Auto Parts
Mr.,Dylan,Moffett,1173 Beechwood Avenue,Piscataway,NJ,8854,DylanSMoffett@armyspy.com,Reservation agent,Yesterday's Records
Mr.,Jimmy,Bowen,3394 Cardinal Lane,Sorento,IL,62086,JimmyPBowen@jourrapide.com,Ballet master,EXPO Design Center
Mrs.,Theresa,Suarez,4 Biddie Lane,Amelia,VA,23002,TheresaRSuarez@einrot.com,Machine setter,Magik Gray
Mrs.,Melissa,Roy,4458 Joseph Street,Menomonee Falls,WI,53051,MelissaDRoy@einrot.com,Patient educator,DGS HomeSource
Mrs.,Lisa,Bartolome,3121 Gnatty Creek Road,Hicksville,NY,11612,LisaEBartolome@teleworm.us,Home appliance repairer,The Record Shops at TSS
Ms.,Debbie,Boynton,3028 Musgrave Street,Atlanta,GA,30310,DebbieLBoynton@superrito.com,Telemarketer,Olson Electronics
Ms.,Sally,Hunter,3413 Sheila Lane,Mcdermitt,NV,89421,SallyWHunter@armyspy.com,Social work policy maker,Market Basket
Ms.,Janet,Petty,3676 Ash Street,Nevada,TX,75073,JanetTPetty@jourrapide.com,Electrical power line repairer,Crown Books
Mr.,Darryl,Porter,270 Locust View Drive,Brisbane,CA,94005,DarrylKPorter@fleckens.hu,Finisher,Raleigh's
Mrs.,Jody,Garrison,249 Pallet Street,White Plains,NY,10606,JodyLGarrison@rhyta.com,Staffing and assignments coordinator,Atlas Realty
Mrs.,Shannon,Holland,1044 Ingram Road,Greensboro,NC,27403,ShannonRHolland@einrot.com,Scheduling clerk,Personal & Corporate Design
Mr.,Eric,Zebrowski,2000 Crosswind Drive,Paducah,KY,42003,EricCZebrowski@dayrep.com,Sauce cook,Price Club
Mrs.,Roy,Robertson,1329 Oak Lane,Salisbury,MO,65281,RoyTRobertson@gustr.com,Motion picture projectionist,Coon Chicken Inn
Mrs.,Aletha,Calloway,4512 Biddie Lane,Richmond,VA,23228,AlethaRCalloway@rhyta.com,Assistant property manager,Belle Ladi
Ms.,Esther,Propp,1600 Diamond Cove,Providence,RI,2908,EstherRPropp@jourrapide.com,Appellate court judge,Circuit City
Ms.,Linda,Doris,2236 Confederate Drive,Canastota,NY,13032,LindaHDoris@armyspy.com,Dog trainer,Sure Save
Ms.,Melanie,Mingle,266 Maxwell Street,Hartford,CT,6103,MelanieLMingle@einrot.com,Chemical equipment tender,Lafayette Radio
Ms.,Delores,Laguna,4463 Virgil Street,Panama City,FL,32401,DeloresELaguna@armyspy.com,Land surveyor,Mr Fables
Mr.,William,White,1566 Armory Road,Lumberton,NC,28358,WilliamFWhite@einrot.com,Training specialist,Wag's
Mrs.,Tonda,Espinoza,1431 Kessla Way,Wampee,SC,29568,TondaFEspinoza@jourrapide.com,Electronic equipment installer,Konsili
Mr.,Nathaniel,Villegas,2279 Ben Street,East Lansing,MI,48823,NathanielTVillegas@rhyta.com,Executive administrative assistant,Irving's Sporting Goods
Mr.,James,Brice,4883 Woodland Drive,Burr Ridge,IL,60527,JamesKBrice@dayrep.com,Checker,Huyler's
Mr.,Henry,Enright,1452 Layman Court,Lawrenceville,GA,30245,HenryAEnright@fleckens.hu,Time clerk,Royal Gas
Mr.,Thomas,Shutts,2749 Glen Street,Paducah,KY,42003,ThomasSShutts@superrito.com,Biological-physical anthropologist,Ruehl No. 925
Mr.,Richard,Morales,2197 Whiteman Street,Avalon,NJ,8202,RichardJMorales@teleworm.us,Forensic accountant,J. Brannam
Mr.,Gary,Thompson,2918 Heavens Way,Irvine,CA,92714,GarySThompson@armyspy.com,Payroll secretary,Thalhimers
Mr.,Rex,Koerner,2596 Cherry Ridge Drive,Buffalo,NY,14202,RexTKoerner@rhyta.com,Model,Universal Design Partners
Ms.,Denise,Washington,1562 Alpha Avenue,Marshall,TX,75670,DeniseGWashington@gustr.com,Sports book runner,Simply Save
Mrs.,Hattie,Williams,2403 Hanover Street,New York,NY,10007,HattieRWilliams@superrito.com,Electronics repairer,P. Samuels Men's Clothiers
Ms.,Judy,Owens,802 Goldcliff Circle,Washington,DC,20017,JudyEOwens@superrito.com,Milling and planing machine tender,Casa Bonita
Mrs.,Helene,Holst,4606 Sun Valley Road,Wenatchee,WA,98801,HeleneMHolst@fleckens.hu,Sewer,MVP Sports
Ms.,Jacqueline,Spivey,2373 Flinderation Road,Arlington Heights,IL,60005,JacquelineBSpivey@rhyta.com,Driver-sales worker,Harvest Foods
Ms.,Kathleen,Brewer,2471 Oakwood Circle,Laguna Beach,CA,92651,KathleenHBrewer@jourrapide.com,Computer and information systems manager,Enrich Garden Services
Dr.,Joan,Smith,592 Pinewood Drive,West Chicago,IL,60185,JoanRSmith@cuvox.de,Manpower development manager,Komerci
Mrs.,Marilyn,Davis,4800 Scheuvront Drive,Denver,CO,80222,MarilynMDavis@armyspy.com,Printmaker,Sunny Real Estate Investments
Mrs.,Sara,Lynam,4836 Perine Street,Alexandria,VA,22370,SaraGLynam@gustr.com,Taper,Beefsteak Charlie's
Ms.,Charlotte,Roman,2342 Clifford Street,Santa Rosa,CA,95407,CharlotteMRoman@superrito.com,Computer scientist,Magik Lamp
Mrs.,Lynn,Adams,4747 Spring Avenue,Philadelphia,PA,19108,LynnVAdams@dayrep.com,Gaming manager,Father & Son
Mr.,Robert,Scott,3321 Heritage Road,Fresno,CA,93721,RobertIScott@rhyta.com,Stonemason,Williams Bros.
Mr.,Ambrose,Defrancisco,282 Jacobs Street,Pittsburgh,PA,15212,AmbroseCDefrancisco@dayrep.com,Market research manager,Service Merchandise
Mr.,Martin,Hou,1100 Owen Lane,Grand Rapids,MI,49503,MartinLHou@teleworm.us,Soil conservationist,Handy City
Mr.,Benjamin,Carter,2410 Emerson Road,Natchitoches,LA,71457,BenjaminMCarter@dayrep.com,Golf course architect,Crafts Canada
Mrs.,Jessica,Davis,709 Simpson Street,East Moline,IL,61244,JessicaDDavis@rhyta.com,Excavating and loading machine and dragline operator,J. Brannam
Ms.,Patricia,Davis,1858 Hickory Lane,Washington,DC,20005,PatriciaJDavis@fleckens.hu,Fabric and apparel patternmaker,Chief Auto Parts
Mrs.,Katherine,White,500 Colony Street,Trumbull,CT,6611,KatherineEWhite@einrot.com,Electronic equipment repairer,Cut Above
Mr.,Charles,Phair,300 Ashcraft Court,San Diego,CA,92101,CharlesRPhair@jourrapide.com,Armored car guard,Total Sources
Mr.,Michael,Bernier,2289 Northwest Boulevard,Kearny,NJ,7032,MichaelRBernier@gustr.com,Security and fire alarm systems installer,Solution Bridge
Mr.,Rick,Wetherbee,29 Millbrook Road,Wheeling,IL,60090,RickEWetherbee@superrito.com,Range scientist,King Carol
Mrs.,Cindy,Reyes,331 Clearview Drive,Denver,CO,80224,CindyJReyes@rhyta.com,Airline copilots,Mervyn's
Ms.,Karen,Haas,3808 Meadowcrest Lane,Greenup,KY,41144,KarenGHaas@gustr.com,Timber cutting and logging worker,Frank and Seder
Mr.,James,Chapa,4728 Watson Street,Vineland,NJ,8360,JamesSChapa@armyspy.com,Multiple machine tool setter,Brand Names
Ms.,Emma,Allen,863 Werninger Street,Houston,TX,77060,EmmaWAllen@rhyta.com,Photographic equipment repairer,Maloley's Finer Foods
Mrs.,Wanda,Lovejoy,4002 Willis Avenue,White Springs,FL,32096,WandaMLovejoy@cuvox.de,Dermatologist,Life's Gold
Ms.,Susan,Bradbury,3944 Nelm Street,Washington,VA,20011,SusanSBradbury@fleckens.hu,Placement officer,Strong Life
Ms.,Kathryn,Brown,2411 Don Jackson Lane,Southfield,MI,48075,KathrynJBrown@teleworm.us,Climatologist,System Star
Mrs.,Alberta,Courtney,2364 Mcwhorter Road,Jackson,MS,39201,AlbertaNCourtney@dayrep.com,Nuclear technician,A. L. Price
Dr.,Larry,Fowler,2206 Fieldcrest Road,Bohemia,NY,11716,LarryAFowler@gustr.com,Labor economist,Gamma Gas
Ms.,Alejandrina,Julian,924 Finwood Road,Metuchen,NJ,8840,AlejandrinaMJulian@dayrep.com,Gaming dealer,Virgin Megastores
Mr.,Roger,Ellington,765 Union Street,Seattle,WA,98133,RogerREllington@rhyta.com,Brattice builder,Hills Supermarkets
Mrs.,Anne,Whittle,3179 Felosa Drive,Blackwell,TX,79506,AnneRWhittle@cuvox.de,Perianesthesia nurse,ABC Markets
Mrs.,Thelma,Cork,2740 Wildrose Lane,Detroit,MI,48219,ThelmaSCork@armyspy.com,Military occupation,Compact Disc Center
Mr.,Charles,Russell,3459 Byrd Lane,Ruidoso,NM,88345,CharlesKRussell@armyspy.com,Prepress worker,Western Auto
Mr.,Timothy,O'Brian,1872 Coulter Lane,Richmond,VA,23226,TimothyCOBrian@teleworm.us,Ticket agent,Magna Consulting
Mr.,Greg,Andrews,2946 Sycamore Fork Road,Plantation,FL,33324,GregJAndrews@armyspy.com,Cabinetmaker,Planet Pizza
Ms.,Sue,Benjamin,157 Tree Top Lane,King Of Prussia,PA,19406,SueWBenjamin@fleckens.hu,Automated teller machine technician,Hit or Miss
Ms.,Marla,Moser,4995 Columbia Boulevard,Baltimore,MD,21202,MarlaDMoser@jourrapide.com,Botanist,Rainbow Records
Mr.,Richard,Pleasant,2899 Ash Avenue,Saint Louis,MO,63146,RichardBPleasant@superrito.com,Unlicensed assistive personnel,Penn Fruit
Ms.,Annabelle,Clark,2751 Don Jackson Lane,Honolulu,HI,96826,AnnabelleWClark@einrot.com,Desktop publishing editor,Waccamaw Pottery
Mrs.,Lorine,Sterling,2048 Oxford Court,Grenada,MS,38901,LorineNSterling@rhyta.com,Construction engineer,JumboSports
Mr.,Scott,Matranga,2377 Bolman Court,Hersman,IL,62353,ScottLMatranga@dayrep.com,Palliative care nurse,Scotty's Builders Supply
Ms.,Betty,Ellison,216 Wetzel Lane,Kentwood,MI,49512,BettyAEllison@rhyta.com,Training administrator,KG Menswear
Mr.,Shayne,Fair,2354 Doctors Drive,Los Angeles,CA,90017,ShayneCFair@jourrapide.com,Captive agent,Thalhimers
Mr.,Gary,Farnsworth,2326 Round Table Drive,Cincinnati,OH,45202,GaryDFarnsworth@teleworm.us,CART provider,Raleigh's
Mrs.,Judith,Guerra,224 Ashwood Drive,Sioux City,IA,51101,JudithBGuerra@teleworm.us,Automotive body repairer,Micro Design
Mrs.,Millicent,Martin,4697 Farland Street,Cambridge,MA,2141,MillicentWMartin@superrito.com,Chief executive,Purity
Mrs.,Michael,Campbell,3248 Ralph Drive,Warrensville Heights,OH,44128,MichaelRCampbell@dayrep.com,Embossing machine operator,Zany Brainy
Mr.,Edward,Martin,4474 West Side Avenue,Rochelle Park,NJ,7662,EdwardGMartin@dayrep.com,Line repairer,Paper Cutter
Mr.,James,Andrews,64 Worley Avenue,Richmond,VA,23227,JamesGAndrews@dayrep.com,Sheriff,Finast
Mrs.,Phyllis,Gonzalez,3179 Pointe Lane,Fort Lauderdale,FL,33304,PhyllisDGonzalez@dayrep.com,Cardiac and vascular nurse,Grossman's
Dr.,David,Johnson,2154 Farm Meadow Drive,Smithville,TN,37166,DavidDJohnson@fleckens.hu,Ultrasound technologist,Hill-Behan
Mr.,Jason,Mankin,4726 Cecil Street,Chicago,IL,60605,JasonMMankin@fleckens.hu,Outside order clerk,Network Air
Ms.,Janie,Barber,2525 Whitman Court,Wallingford,CT,6492,JanieRBarber@gustr.com,Oral and maxillofacial surgeon,Huyler's
Ms.,Joanna,Grossman,3652 West Fork Street,Helena,MT,59601,JoannaMGrossman@gustr.com,Sous chef,De Pinna
Ms.,Samantha,Colvin,258 Brookside Drive,Birmingham,AL,35291,SamanthaFColvin@rhyta.com,Drug Enforcement Administration (DEA) agent,Simply Save
Mr.,Timothy,Fleenor,1229 Hillcrest Drive,Tacoma,WA,98402,TimothyHFleenor@teleworm.us,Bindery machine operator,Piccolo Mondo
Mr.,Jeffrey,Reyes,1232 West Fork Drive,Deerfield Beach,FL,33441,JeffreyWReyes@rhyta.com,Employment and placement manager,Food Giant
Mrs.,Margie,Carpenter,2078 Court Street,Portage Des Sioux,MO,63373,MargieECarpenter@teleworm.us,Paymaster,Star Assistance
Ms.,Melody,Downer,1754 Farm Meadow Drive,Phoenix,AZ,85034,MelodyBDowner@rhyta.com,Diesel service technician,Geri's Hamburgers
Mr.,Alfred,Harper,2559 Meadow Drive,Oklahoma City,OK,73107,AlfredKHarper@dayrep.com,Botanist,Liberty Wealth Planner
Ms.,Marie,Wallick,191 Grim Avenue,San Diego,CA,92101,MarieRWallick@rhyta.com,Welding worker,Britches of Georgetown
Mrs.,Irene,Petersen,3175 Weekley Street,San Antonio,TX,78202,IreneMPetersen@rhyta.com,Independent insurance agent,ABCO Foods
Mr.,James,Carpenter,519 Better Street,Kansas City,KS,66215,JamesGCarpenter@rhyta.com,Tumbling barrel painter,Tweeter
Mr.,Wayne,Rutledge,1434 Feathers Hooves Drive,Bethpage,NY,11714,WayneDRutledge@einrot.com,Court municipal and license clerk,Eagle Food Centers
Mrs.,Sarah,Nakayama,29 Harron Drive,Baltimore,MD,21202,SarahDNakayama@einrot.com,Information architect,Crazy Tiger
Ms.,Johnette,Meadows,2908 Martha Street,Phoenix,AZ,85034,JohnetteJMeadows@armyspy.com,Commodities trader,Oklahoma Tire & Supply Company
Ms.,Sharon,Turner,2374 Brownton Road,Jackson,MS,39201,SharonETurner@rhyta.com,Petroleum geologist,Oshman's
Ms.,Fern,Brand,3996 White Lane,Ideal,GA,31041,FernJBrand@fleckens.hu,Composing machine operator,Golden's Distributors
Ms.,Carola,Bingham,2527 Charles Street,Southfield,MI,48075,CarolaTBingham@cuvox.de,Cleaner,Listenin' Booth
Mr.,Jerome,Ford,1997 Farm Meadow Drive,Flagstaff,AZ,86004,JeromeNFord@gustr.com,Recruiter,Brooks Fashions
Mrs.,Ann,Aragon,4493 Tea Berry Lane,Eau Claire,WI,54701,AnnRAragon@jourrapide.com,Shoe and leather worker,World of Fun
Ms.,Lucy,Carlson,92 Franklee Lane,Fort Washington,PA,19034,LucyMCarlson@cuvox.de,Fashion designer,Cellophane Square
Mr.,Robert,Tracy,203 Bruce Street,Saint Louis,MO,63120,RobertMTracy@superrito.com,Crushing grinding and polishing machine tender,Consumers Food and Drug
Mr.,Christopher,Gonzales,2665 Hurry Street,Fredericksburg,VA,22408,ChristopherJGonzales@cuvox.de,Driver-sales worker,Fragrant Flower Lawn Services
Ms.,Marie,Smith,1320 Indiana Avenue,Honolulu,HI,96814,MarieJSmith@gustr.com,Photographer,Atlas Realty
Ms.,Anneliese,Crawford,4419 Lightning Point Drive,Memphis,TN,38110,AnnelieseWCrawford@gustr.com,Dipper,Nickerson Farms
Mr.,Micheal,Withers,2751 Hickory Street,Lehi,UT,84043,MichealJWithers@fleckens.hu,School psychologist,Bettendorf's
Mr.,Jose,Washington,3619 Clearview Drive,Centennial,CO,80111,JoseJWashington@teleworm.us,Camera repairer,Sam Goody
Dr.,Kelly,Shackelford,4332 Barrington Court,Camden,AR,71701,KellyTShackelford@cuvox.de,Crushing grinding and polishing machine operator,Buena Vista Garden Maintenance
Mr.,Daryl,Robinson,249 Cliffside Drive,Syracuse,NY,13221,DarylKRobinson@cuvox.de,Biological-physical anthropologist,Accord Investments
Ms.,Jean,Aldridge,2885 Brooke Street,Houston,TX,77030,JeanJAldridge@einrot.com,Job training specialist,Circuit Design
Mrs.,Helen,Newton,4096 Davis Avenue,Fremont,CA,94539,HelenLNewton@fleckens.hu,Structural metal fitter,Cala Foods
Mr.,James,Trueblood,4434 Farnum Road,New York,NY,10011,JamesCTrueblood@einrot.com,Instructional specialist,Warner Brothers Studio Store
Mrs.,Kathryn,Ngo,616 Pearcy Avenue,Bluffton,IN,46714,KathrynHNgo@einrot.com,Ophthalmologic sonographer,Sports Town USA
Mrs.,Markita,Popp,1257 Coulter Lane,Richmond,VA,23224,MarkitaDPopp@armyspy.com,Psychiatric nursing assistant,La Petite Boulangerie
Mr.,James,Brown,3507 Marigold Lane,Miami,FL,33179,JamesRBrown@jourrapide.com,Plating and coating machine tender,Gallenkamp
Ms.,Linda,Usrey,1085 Ash Avenue,Saint Louis,MO,63146,LindaDUsrey@dayrep.com,Undertaker,Crafts Canada
Mrs.,Jennifer,Kersh,3353 Heavner Avenue,Winder,GA,30680,JenniferRKersh@armyspy.com,Auto damage appraiser,Solution Answers
Mr.,Donald,Boger,3902 Cedarstone Drive,Norwalk,OH,44857,DonaldSBoger@teleworm.us,Re-recording mixer,Patterson-Fletcher
Mr.,Armand,McCarty,4054 Yorkie Lane,Savannah,GA,31410,ArmandSMcCarty@teleworm.us,Treatment plant and system operator,Buehler Foods
Mr.,Nelson,Flores,997 Ingram Road,Greensboro,NC,27313,NelsonNFlores@einrot.com,Constructor,Afforda
Mr.,Matthew,Byrne,3678 Ashcraft Court,San Diego,CA,92103,MatthewJByrne@jourrapide.com,Optometrist,Coconut's
Mr.,Harry,Swingle,106 Stewart Street,Indianapolis,IN,46256,HarryJSwingle@teleworm.us,Forming machine operator,Purity Supreme
Mr.,Christopher,Blanton,213 Flanigan Oaks Drive,Bethesda,MD,20014,ChristopherKBlanton@teleworm.us,Ambulance attendant,Honest Air Group
Mrs.,Kathyrn,Sanders,3577 Rinehart Road,Sunrise,FL,33323,KathyrnJSanders@rhyta.com,Rail yard engineer,Landskip Yard Care
Mrs.,Amber,Johnson,2811 Broadway Avenue,Johnson City,TN,37601,AmberCJohnson@teleworm.us,Conservation scientist,Life Map Planners
Mr.,Joseph,Stec,3705 Daylene Drive,Flint,MI,48548,JosephPStec@superrito.com,Marketing specialist,Seamans Furniture
Mr.,Brandon,Cuyler,4474 Edsel Road,Sylmar,CA,91342,BrandonACuyler@armyspy.com,Certified public accountant,Magna Gases
Ms.,Virginia,Wharton,2539 Williams Mine Road,Secaucus,NJ,7094,VirginiaGWharton@jourrapide.com,Speech writer,Friendly Advice
Mr.,Adam,Flynn,3535 Bernardo Street,New Albany,IN,47150,AdamSFlynn@armyspy.com,Physical metallurgical engineer,Twin Electronics
Mr.,Bruce,Anderson,2675 Charles Street,Southfield,MI,48075,BruceBAnderson@superrito.com,Payroll representative,McDade's
Mr.,Charles,Conley,2867 Tori Lane,Goshen,UT,84633,CharlesVConley@armyspy.com,Simultaneous interpreter,Polk Brothers
Mr.,Arthur,Marsh,4179 Freedom Lane,Stockton,CA,95202,ArthurAMarsh@einrot.com,Chemical engineering technician,Great Clothes
Mr.,Thomas,Whitmore,4086 Fleming Street,Montgomery,AL,36117,ThomasAWhitmore@armyspy.com,Buyer,Full Color
Mr.,Donald,James,2758 White Oak Drive,Independence,MO,64055,DonaldLJames@rhyta.com,Manufacturers,Noodle Kidoodle
Mr.,Juan,Brooks,2498 Harvest Lane,Graham,MO,64455,JuanMBrooks@fleckens.hu,Able seaman,Star Interior Design
Mr.,Jeramy,Blake,3054 Ashwood Drive,Neola,IA,51559,JeramyMBlake@dayrep.com,Information and record clerk,The White Rabbit
Mr.,Richard,Garcia,3501 Berkshire Circle,Knoxville,TN,37917,RichardJGarcia@dayrep.com,Brickmason,Coast to Coast Hardware
Ms.,Nancy,Wilson,2156 Maxwell Street,Hartford,CT,6103,NancyRWilson@rhyta.com,Health services manager,Gamma Gas
Mr.,Zachary,Yoshida,516 Libby Street,Los Angeles,CA,90017,ZacharyZYoshida@dayrep.com,Cutting punching and press machine tender,Ransohoffs
Mrs.,Crystal,Newbury,2003 High Meadow Lane,Bloomsburg,PA,17815,CrystalBNewbury@jourrapide.com,Merchandise window trimmer,All Wound Up
Mrs.,Leah,Downs,4228 Powder House Road,West Palm Beach,FL,33417,LeahCDowns@dayrep.com,Admissions officer,Schucks Auto Supply
Mr.,Vincent,Rich,3144 Byrd Lane,Tijeras,NM,87008,VincentTRich@rhyta.com,A & P mechanic,Franklin Simon
Mr.,Heriberto,Chavarria,3574 Harrison Street,Oakland,CA,94612,HeribertoMChavarria@armyspy.com,Health educator,Wetson's
Mr.,Douglas,Oneil,1028 Green Hill Road,Fayetteville,AR,72701,DouglasMOneil@armyspy.com,Grocery bagger,Gallenkamp
Mr.,Christopher,White,1549 Bloomfield Way,Jackman,ME,4945,ChristopherCWhite@armyspy.com,Timekeeper,Tradewell
Mrs.,Marion,Rodriquez,2184 Poplar Avenue,California,CA,2110,MarionCRodriquez@rhyta.com,Cytotechnologist,Macroserve
Ms.,Ella,Peters,118 Oak Lane,Prairie Hill,MO,65281,EllaRPeters@fleckens.hu,Dentist,Pup 'N' Taco
Mr.,Roy,Hixon,719 Lonely Oak Drive,Mobile,AL,36602,RoyCHixon@jourrapide.com,Claims adjuster,Mr. D's IGA
Mr.,Michael,Watkins,1415 Olen Thomas Drive,Seymour,TX,76380,MichaelEWatkins@superrito.com,Electrologist,Channel Home Centers
Ms.,Elia,Mickle,3124 Levy Court,Worcester,MA,1609,EliaGMickle@jourrapide.com,Home care aide,You Are Successful
Mr.,Tony,Linquist,4779 Birch  Street,El Paso,TX,79915,TonyRLinquist@gustr.com,Paleomagnetist,Prestigabiz
Ms.,Rosemary,Timmons,4385 Ray Court,Swansboro,NC,28584,RosemaryMTimmons@dayrep.com,Water conservationist,Realty Depot
Mr.,Morris,Gorman,2580 Haul Road,Mountain View,CA,94041,MorrisCGorman@superrito.com,Web programmer,Computer City
Mr.,John,Nguyen,2462 Midway Road,Ratcliff,AR,72951,JohnRNguyen@armyspy.com,Costume designer,Manning's Cafeterias
Mr.,Casey,McCardle,3000 Hershell Hollow Road,Kent,WA,98032,CaseyLMcCardle@einrot.com,General superintendent,Sholl's Colonial Cafeteria
Mr.,Michael,Anderson,4261 Sycamore Circle,Cleburne,TX,76031,MichaelHAnderson@dayrep.com,Geotechnical engineer,Planet Profit
Mr.,Jeremy,Lam,4204 Hardesty Street,East Greenbush,NY,12061,JeremyDLam@jourrapide.com,Material moving occupation,Rainbow Records
Mrs.,Emily,Youngblood,761 Tavern Place,Madison,WV,25130,EmilyTYoungblood@gustr.com,General superintendent,Tower Records
Mr.,Vernon,Duggan,1778 Perine Street,Alexandria,VA,22304,VernonMDuggan@armyspy.com,Sawing machine tender,System Star Solutions
Mr.,Nicholas,Sexton,2503 Waldeck Street,Frisco,TX,75034,NicholasMSexton@rhyta.com,Training manager,Lechmere
Dr.,Larry,Audet,1296 Brannon Street,Los Angeles,CA,90017,LarryCAudet@superrito.com,Public relations specialist,Indiewealth
Ms.,Margaret,Dimartino,3074 Eagle Lane,Fergus Falls,MN,56537,MargaretADimartino@dayrep.com,Dairy farmer,Simply Appraisals
Ms.,Virginia,Funches,2770 Poe Lane,Pleasanton,KS,66075,VirginiaEFunches@fleckens.hu,Tool sharpener,The Lawn Guru
Mr.,Vincent,Sites,1701 Lee Avenue,Camden,NJ,8102,VincentMSites@armyspy.com,Music instructor,Better Business Ideas and Services
Mr.,Scott,King,2159 Fraggle Drive,Arlington Heights,IL,60005,ScottLKing@fleckens.hu,Coil finisher,Jacob Reed and Sons
Mr.,Randy,Avery,2255 Bicetown Road,New York,NY,10016,RandyJAvery@superrito.com,EMT,Morrison's Cafeteria
Mr.,Adam,Hulsey,4393 Bird Street,Penasco,NM,87553,AdamTHulsey@cuvox.de,Housing manager,Quickbiz
Mr.,Samuel,McBean,1773 Gambler Lane,Houston,TX,77060,SamuelJMcBean@jourrapide.com,Abdominal sonographer,Nedick's
Ms.,Agnes,Edmiston,2342 Blackwell Street,Fairbanks,AK,99701,AgnesCEdmiston@fleckens.hu,Hospice nurse,Team Designers and Associates
Ms.,Jasmine,Tapscott,57 Trouser Leg Road,Blandford,MA,1008,JasmineDTapscott@jourrapide.com,Metal caster,Richman Brothers
Mrs.,Rosemary,Epps,365 Boring Lane,San Francisco,CA,94108,RosemaryDEpps@fleckens.hu,Public relations manager,Knockout Kickboxing
Mr.,James,Howard,2122 Locust Court,El Monte,CA,91731,JamesRHoward@rhyta.com,Surveyor,Reliable Garden Management
Mr.,Barry,Silverman,588 Fleming Way,Chester,VA,23831,BarryJSilverman@einrot.com,Playwright,Reliable Garden Management
Mr.,Mario,Anton,276 Ottis Street,St Louis,OK,74854,MarioSAnton@gustr.com,Benefits manager,Afterthoughts
Mr.,James,Dorsey,1808 Hillcrest Avenue,Waltham,MA,2154,JamesLDorsey@cuvox.de,Office helper,Landskip Yard Service
Mrs.,Muriel,Deweese,1106 Arbutus Drive,Miami,FL,33169,MurielRDeweese@rhyta.com,Human resources information system specialist,Mr. Steak
Mrs.,Lisa,Testa,2298 Valley Street,Collingswood,NJ,8108,LisaGTesta@superrito.com,Service station attendant,Schweggmanns
Mr.,Brandon,Grady,4177 Hillview Street,Sumter,SC,29150,BrandonFGrady@teleworm.us,Zoologist,Clemens Markets
Ms.,Helen,Bickerstaff,1329 Kelly Street,Dallas,NC,28034,HelenJBickerstaff@jourrapide.com,Mineralogist,Access Asia
Mrs.,Sarah,Barber,3357 New Street,Portland,OR,97205,SarahRBarber@armyspy.com,Vocational nurse,Cherry & Webb
Mrs.,Patricia,Reichel,4301 Froe Street,Triadelphia,WV,26059,PatriciaRReichel@superrito.com,Aircraft engineer,Hollywood Video
Mrs.,Vanessa,Winters,2271 Duff Avenue,South Burlington,VT,5403,VanessaJWinters@gustr.com,Mechanic,Nobil
Mr.,Derek,Rice,1936 Hickory Street,Clearfield,UT,84015,DerekKRice@jourrapide.com,Heavy vehicle and mobile equipment service technician,Big Daddy's Restaurants
Mr.,John,Brent,2257 Zappia Drive,Cincinnati,KY,45202,JohnMBrent@superrito.com,Nuclear engineer,Schucks Auto Supply
Ms.,Mary,Butts,3091 Hill Haven Drive,Tacoma,WA,98402,MaryRButts@armyspy.com,Image consultant,Musicland
Mr.,David,Chavez,2581 Lynch Street,Milwaukee,WI,53226,DavidSChavez@jourrapide.com,Loan underwriter,Greenwich IGA
Mr.,Mike,Willis,4480 Illinois Avenue,Charbaneau,OR,97002,MikeCWillis@rhyta.com,Curriculum specialist,Edge Yard Service
Mr.,Robert,Mitchell,2958 Apple Lane,Peoria,IL,61602,RobertGMitchell@superrito.com,Job developer,Twin Electronics
Mr.,Bryan,Davidson,885 Doe Meadow Drive,Olney,MD,20832,BryanMDavidson@gustr.com,Training consultant,Rite Solution
Mrs.,Lillian,Coleman,843 Carolina Avenue,Willard,CO,80754,LillianWColeman@teleworm.us,Pretrial services officer,Independent Wealth Management
Ms.,Christina,Schmitt,4521 Southern Avenue,Eureka,MO,63025,ChristinaSSchmitt@gustr.com,Forest fire inspector,Asian Answers
Mrs.,Jessica,Teer,4298 Progress Way,Saint Cloud,MN,56303,JessicaBTeer@dayrep.com,Religious activities and education director,Best Products
Mr.,Chad,Sawyer,1238 Cambridge Court,Rogers,AR,72756,ChadLSawyer@dayrep.com,Restaurant chef,Martin's
Ms.,Leslie,Auclair,3284 Westwood Avenue,Farmingdale,NY,11735,LeslieTAuclair@rhyta.com,Strength trainer,Creative Wealth Management
Mr.,Kenneth,Carroll,3471 Harper Street,Auburn,KY,42206,KennethLCarroll@armyspy.com,Geologist,Flexus
Ms.,Kari,Clark,767 Quiet Valley Lane,Northridge,CA,91324,KariDClark@teleworm.us,Information systems manager,Forum Cafeterias
Ms.,Celeste,Gridley,3257 Drainer Avenue,Port St Joe,FL,32456,CelesteDGridley@cuvox.de,Gas and water service dispatcher,Galaxy Man
Ms.,Marion,Fox,2065 West Side Avenue,Rochelle Park,NJ,7662,MarionDFox@einrot.com,Payroll bookkeeper,Hudson's MensWear
Ms.,Priscilla,Silcox,4216 Beech Street,Concord,CA,94520,PriscillaRSilcox@armyspy.com,Clerical assistant,Afforda Merchant Services
Ms.,Patricia,Guerrera,2163 Southern Avenue,Urbandale,IA,50322,PatriciaJGuerrera@gustr.com,Floor finisher,Bresler's Ice Cream
Ms.,Carole,Mattis,1256 Mahlon Street,Newark,NJ,7102,CaroleRMattis@armyspy.com,Medical secretary,Chandler's
Mrs.,Cynthia,Martz,1940 Harron Drive,Baltimore,MD,21201,CynthiaJMartz@cuvox.de,Molding coremaking and casting machine tender,Cut Above
Ms.,Ara,Triplett,3107 Pin Oak Drive,Davenport,IA,52803,AraRTriplett@superrito.com,Vegetable cook,Vibrant Man
Mrs.,Evelyn,Richard,3126 Woodstock Drive,Arcadia,CA,91006,EvelynWRichard@einrot.com,Cardiographic technician,Bold Ideas
Mrs.,Shirley,Holloway,607 Broad Street,Cordova,AL,35550,ShirleyAHolloway@rhyta.com,Scheduling clerk,Spaceage Stereo
Dr.,Kim,Watts,677 Worthington Drive,Dallas,TX,75244,KimCWatts@teleworm.us,Packager,Vari-Tec
Ms.,Bertha,Paxton,275 John Avenue,Jackson,MI,49201,BerthaHPaxton@fleckens.hu,Paste-up worker,Grade A Investment
Mrs.,Myrtle,Carr,4183 Meadow View Drive,Stamford,CT,6902,MyrtleJCarr@dayrep.com,Automated systems librarian,Wickes Furniture
Ms.,Ellen,Holmes,2745 Cambridge Court,Rogers,AR,72756,EllenHHolmes@gustr.com,Surgical nurse,Gallenkamp
Mrs.,Patricia,Meza,2842 Strother Street,Alabaster,AL,35007,PatriciaBMeza@cuvox.de,CPA,Nedick's
Mr.,Dennis,Homan,2563 Happy Hollow Road,Jacksonville,NC,28540,DennisCHoman@superrito.com,Pest control worker,Infinite Wealth Planners
Mr.,Dwight,Cockerham,190 Carolina Avenue,Mcallen,TX,78501,DwightJCockerham@rhyta.com,Home appliance repairer,Royal Gas
Ms.,Elizabeth,Greene,3882 Liberty Avenue,Anaheim,CA,92805,ElizabethTGreene@rhyta.com,Media specialist,Soft Warehouse
Mr.,Arthur,Becnel,546 Stockert Hollow Road,Lynnwood,WA,98036,ArthurRBecnel@jourrapide.com,Meatcutter,Standard Food
Mr.,Andrew,Durante,85 Paul Wayne Haggerty Road,New Orleans,LA,70119,AndrewSDurante@gustr.com,Museum technician,Pioneer Chicken
Mr.,James,Price,2367 Brooklyn Street,Eugene,OR,97402,JamesLPrice@fleckens.hu,Court officer,Lafayette Radio
Mr.,William,Lemos,2031 Radio Park Drive,Columbus,GA,31901,WilliamMLemos@teleworm.us,Winch operator,Wilson's Jewelers
Ms.,Teresa,Fuchs,2548 Hardman Road,Rutland,VT,5701,TeresaAFuchs@cuvox.de,Synoptic meteorologist,Red Food
Mr.,Johnny,Rickard,253 Angie Drive,Los Angeles,CA,90017,JohnnyKRickard@superrito.com,State police officer,Chi-Chi's
Mrs.,Ruth,McGrew,4204 Old Dear Lane,La Grange (Dutchess),NY,12540,RuthMMcGrew@gustr.com,Interviewer,Tons O' Toys
Mrs.,Rose,Slater,4616 Small Street,New York,NY,10038,RoseASlater@gustr.com,Human resources trainer,Sears Homelife
Dr.,James,Scott,2444 Nancy Street,Raleigh,NC,27616,JamesJScott@cuvox.de,Environmental technician,Pointers
Mrs.,Marian,Thornton,601 Broad Street,Pell City,AL,35125,MarianRThornton@armyspy.com,Tour escort,Sound Advice
Ms.,Rufina,Oxendine,1686 Franklin Avenue,Daytona Beach,FL,32114,RufinaJOxendine@superrito.com,Ophthalmologist,Gamma Realty
Ms.,Hillary,Jordan,4391 John Calvin Drive,Chicago,IL,60605,HillaryAJordan@dayrep.com,Author,Casual Corner
Ms.,Reina,Perez,158 Golf Course Drive,Chantilly,VA,22021,ReinaHPerez@fleckens.hu,Quality assurance inspector,Oklahoma Tire & Supply Company
Ms.,Paula,Hill,2131 Oakway Lane,Anaheim,CA,92801,PaulaCHill@armyspy.com,Floor layer,Gantos
Mrs.,Elvira,Fennell,4886 Ross Street,Carmi,IL,62821,ElviraJFennell@teleworm.us,Semiconductor assembler,Consumers Food and Drug
Mr.,Chris,Weiss,4252 Coffman Alley,Utica,KY,42376,ChrisMWeiss@superrito.com,Certified athletic trainer,Sam Goody
Mrs.,Brittany,Pratt,1285 Langtown Road,Toledo,OH,43602,BrittanyJPratt@fleckens.hu,General manager,Macroserve
Mr.,Joseph,Dowdy,869 Abner Road,Washburn,WI,54891,JosephLDowdy@armyspy.com,Payroll administrator,Robert Hall
Mr.,Norman,Maldonado,1456 Pine Street,Bridgeville,PA,15017,NormanSMaldonado@einrot.com,Furnace installer,Sambo's
Mrs.,Patricia,Harper,3188 Hillside Drive,Worcester,MA,1610,PatriciaSHarper@superrito.com,International human resources manager,The White Swan
Mr.,Ray,Ackerman,730 Davis Street,Columbus,GA,31901,RayCAckerman@gustr.com,Musical instrument tuner,Tech Hifi
Ms.,Jean,Mix,1042 Eagle Street,Hazelwood,IL,63042,JeanCMix@cuvox.de,Job placement officer,Elek-Tek
Dr.,Ethel,Schulz,3673 North Avenue,Lincoln,NE,68501,EthelLSchulz@superrito.com,Delivery services truck driver,Gamma Grays
Mr.,Douglas,Washington,217 Carolyns Circle,Dallas,TX,75201,DouglasVWashington@cuvox.de,Desktop publishing editor,Merry-Go-Round
Mrs.,Michele,Baron,2044 Clarence Court,Ontario,CA,91761,MicheleMBaron@gustr.com,Trader,Star Assistance
Mr.,Preston,Long,2854 Pine Garden Lane,Stone Mountain,GA,30083,PrestonJLong@rhyta.com,General superintendent,Pay 'N Pak
Mrs.,Stella,Cruz,1138 Terra Street,Seattle,WA,98133,StellaRCruz@rhyta.com,Top executive,Funtown toys
Ms.,Kathy,Gandy,1444 Ritter Street,Huntsville,AL,35816,KathyRGandy@rhyta.com,Fine arts photographer,Scott Ties
Ms.,Shirley,Neumann,3617 Columbia Road,Philadelphia,DE,19103,ShirleyRNeumann@dayrep.com,Sewer pipe cleaner,Tee Town
Mrs.,Alica,Terry,619 Richards Avenue,Patterson,CA,95363,AlicaWTerry@jourrapide.com,Internal auditor,Terra Nova Garden Services
Ms.,Deborah,Layton,2993 Dola Mine Road,Raleigh,NC,27609,DeborahJLayton@dayrep.com,School librarian,Roadhouse Grill
Mr.,Steven,Willis,4457 Austin Secret Lane,Circleville,UT,84723,StevenLWillis@teleworm.us,Surgeon,Accord Investments
Dr.,Frances,Kepler,92 Keyser Ridge Road,Greensboro,NC,27401,FrancesLKepler@gustr.com,Commission clerk,Quality Merchant Services
Mr.,Steven,Elkins,4244 Pringle Drive,Chicago,IL,60606,StevenDElkins@einrot.com,Human resources generalist,Olson Electronics
Mr.,Evan,Reed,4617 Ingram Road,Glade Creek,NC,28627,EvanWReed@cuvox.de,Production machinist,Madcats Music & Books
Mr.,David,Owens,3350 Hershell Hollow Road,Seattle,WA,98109,DavidEOwens@einrot.com,Groundskeeper,Starship Tapes & Records
Mr.,Douglas,Burgess,851 Davis Place,Toledo,OH,43604,DouglasABurgess@dayrep.com,Design printing machine operator,Quest Technology Service
Ms.,Andrea,Hibbard,2683 Seth Street,London,TX,76854,AndreaCHibbard@superrito.com,Payroll assistant,Royal Gas
Ms.,Donna,Mendoza,2484 Honeysuckle Lane,Seattle,WA,98101,DonnaLMendoza@dayrep.com,Physical geographer,Home Centers
Ms.,Florence,Juarez,2453 Armbrester Drive,Gardena,CA,90247,FlorenceCJuarez@teleworm.us,Commission clerk,Electric Avenue
Mr.,Anthony,Boyd,4931 Garrett Street,Grand Rapids,MI,49503,AnthonyVBoyd@armyspy.com,Greenhouse worker,Independent Investors
Mrs.,Erlene,Dorman,3880 Willow Greene Drive,Linden,AL,36748,ErleneLDorman@rhyta.com,Mortgage banker,Sounds Great Inc
Mrs.,Daisy,Paradis,2126 Zimmerman Lane,Los Angeles,CA,90071,DaisyMParadis@einrot.com,Heat treating equipment operator,Schweggmanns
Mr.,Martin,Mabry,2128 Murry Street,Virginia Beach,VA,23464,MartinCMabry@dayrep.com,Synoptic meteorologist,Cardinal Stores
Mr.,David,Weber,999 Red Maple Drive,City Of Commerce,CA,90040,DavidHWeber@einrot.com,Athletic trainer,PriceRite Warehouse Club
Mrs.,Georgette,Bednarz,1342 C Street,Boston,MA,2110,GeorgetteDBednarz@cuvox.de,Clinical laboratory technologist,The Royal Canadian Pancake Houses
Dr.,David,Moors,1873 Kelly Street,Dallas,NC,28034,DavidBMoors@gustr.com,Broker associate,Jackpot Consultant
Mrs.,Robin,Tanner,115 Cedar Lane,East Boston,MA,2128,RobinETanner@dayrep.com,Machine offbearer,Oshman's
Mrs.,Ruby,Dickinson,4141 Adonais Way,Tucker,GA,30084,RubyHDickinson@cuvox.de,Aircraft electrician,Hechinger
Mrs.,Katie,Jury,4507 Woodside Circle,Fort Walton Beach,FL,32548,KatieCJury@dayrep.com,Support staff clerk,Gas Zone
Mr.,Ronald,Dix,3151 Geneva Street,New York,NY,10013,RonaldEDix@rhyta.com,Horticultural specialty farmer,Wealthy Ideas
Mrs.,Joan,Teague,1819 Ottis Street,Oklahoma City,OK,73102,JoanSTeague@fleckens.hu,Physical therapist,Playworld
Mrs.,Kathleen,Jackson,394 Hott Street,Seminole,OK,74868,KathleenJJackson@jourrapide.com,Uniformed police officer,Strategy Consulting
Mr.,Christopher,Unknow,2420 Bubby Drive,Austin,TX,78759,ChristopherSUnknow@teleworm.us,Safety specialist,Team Uno
Mr.,Chase,Joiner,513 Broadcast Drive,Washington,VA,20011,ChaseMJoiner@rhyta.com,Extruding and forming machine operator,Opticomp
Ms.,Sarah,Goodrow,1298 Patton Lane,Fremont,NC,27830,SarahAGoodrow@cuvox.de,Airframe mechanic,Belle Lady
Mrs.,Kimberly,Wiggins,2640 Hog Camp Road,Lisle,IL,60532,KimberlyWWiggins@einrot.com,Assignment editor,Dreamscape Garden Care
Ms.,Pamela,Brennan,2390 Spring Street,Champaign,IL,61820,PamelaRBrennan@fleckens.hu,Airport terminal controller,Opti-Tek
Ms.,Martha,McFadden,1417 Coulter Lane,Richmond,VA,23222,MarthaDMcFadden@dayrep.com,Media outreach specialist,Integra Investment Plan
Mr.,Richard,Vargas,4417 Bedford Street,Birmingham,AL,35244,RichardBVargas@fleckens.hu,CNC operator,Albers Super Markets
Mrs.,Reva,White,2769 Bird Street,Deming,NM,88030,RevaPWhite@gustr.com,Coatroom attendant,Ole's
Mr.,Michael,Gordon,1426 Elliot Avenue,Seattle,WA,98119,MichaelRGordon@einrot.com,Case management aide,Access Asia
Mrs.,Penelope,Cargile,1343 Cerullo Road,Louisville,KY,40299,PenelopeTCargile@gustr.com,Chef,Mode O'Day
Ms.,Rita,Fowlkes,78 Godfrey Road,New York,NY,10018,RitaWFowlkes@jourrapide.com,Neuroscience nurse,Rivera Property Maintenance
Mr.,Carl,Simmons,3712 Oliver Street,Acton,TX,76050,CarlNSimmons@dayrep.com,Ultrasound technologist,Crafts & More
Mr.,Andrew,Lemke,4532 Duff Avenue,South Burlington,VT,5403,AndrewHLemke@armyspy.com,Speech writer,Exact Solutions
Mr.,Edwin,Cammarata,1799 Wiseman Street,Knoxville,TN,37919,EdwinJCammarata@rhyta.com,Door-to-door sales worker,New World
Ms.,Emily,Bridges,473 Mulberry Avenue,Conway,AR,72032,EmilyBBridges@cuvox.de,Television announcer,Frame Scene
Mr.,Bobby,Morgenstern,122 Clearview Drive,Denver,CO,80202,BobbyRMorgenstern@jourrapide.com,Benefits manager,KB Toys
Mr.,Ralph,Doyle,1384 Spruce Drive,Waynesburg,PA,15370,RalphMDoyle@gustr.com,Immigration and Naturalization Service (INS) agent,ManCharm
Mr.,Robert,Burr,3353 Junior Avenue,Atlanta,GA,30309,RobertKBurr@jourrapide.com,Bulldozer operator,Harold Powell
Mr.,Nicky,Barrett,4978 Park Boulevard,Barnes City,IA,50027,NickyBBarrett@gustr.com,Liquid waste treatment plant and system operator,Skaggs-Alpha Beta
Mr.,Brendan,Rodriguez,743 Lang Avenue,Mountain View,UT,82939,BrendanERodriguez@einrot.com,Professional scout,Omni Superstore
